Student_ID,Age,Gender,Study_Hours_Per_Week,Attendance_Percentage,Assignments_Completed,Previous_Score,Internet_Access,Part_Time_Job,Performance
STU001,22,M,25,84,10,78,Yes,Yes,Pass
STU002,23,F,27,85,4,74,Yes,Yes,Pass
STU003,21,M,27,76,12,57,Yes,No,Pass
STU004,23,M,27,94,13,64,Yes,No,Pass
STU005,23,M,21,95,10,69,Yes,No,Pass
STU006,20,F,70,80,14,78,Yes,No,Excellent
STU007,21,F,13,90,5,74,Yes,No,Pass
STU008,21,F,29,95,15,84,Yes,Yes,Good
STU009,21,F,21,88,7,78,No,Yes,Pass
STU010,23,M,20,92,5,74,Yes,Yes,Pass
STU011,22,F,29,87,8,15,Yes,No,Fail
STU012,21,F,17,77,15,77,Yes,Yes,Pass
STU013,24,M,27,93,9,68,Yes,No,Pass
STU014,23,M,24,95,6,93,Yes,No,Pass
STU015,20,M,16,91,5,86,Yes,No,Pass
STU016,22,F,22,25,9,93,Yes,Yes,Pass
STU017,24,M,28,81,3,72,Yes,No,Pass
STU018,24,M,27,78,5,84,Yes,Yes,Pass
STU019,20,M,31,91,14,57,No,No,Pass
STU020,22,F,24,95,13,82,Yes,Yes,Pass
STU021,23,M,38,89,25,71,Yes,Yes,Good
STU022,19,F,16,93,8,58,Yes,No,Fail
STU023,22,F,20,80,9,84,No,Yes,Pass
STU024,20,M,22,87,16,53,Yes,Yes,Pass
STU025,24,M,13,76,10,52,Yes,No,Fail
STU026,23,F,85,81,12,77,No,No,Excellent
STU027,22,M,27,92,8,79,No,No,Pass
STU028,19,M,22,84,9,84,Yes,No,Pass
STU029,19,F,19,94,11,81,Yes,No,Pass
STU030,21,F,13,90,9,89,Yes,Yes,Pass
STU031,35,M,17,99,3,81,Yes,Yes,Pass
STU032,20,F,26,87,13,72,No,Yes,Pass
STU033,22,M,21,76,7,72,Yes,No,Pass
STU034,22,M,19,86,15,70,Yes,No,Pass
STU035,24,M,25,79,11,76,Yes,No,Pass
STU036,24,F,29,93,9,61,Yes,No,Pass
STU037,24,M,24,86,10,77,Yes,No,Pass
STU038,21,M,24,85,9,72,Yes,Yes,Pass
STU039,22,M,30,85,8,76,Yes,No,Pass
STU040,22,F,23,91,10,76,Yes,No,Pass
STU041,19,F,20,83,12,20,Yes,No,Fail
STU042,21,F,26,91,8,63,Yes,Yes,Pass
STU043,23,F,20,93,7,72,Yes,No,Pass
STU044,21,F,20,84,8,72,Yes,No,Pass
STU045,23,M,30,80,12,76,Yes,No,Pass
STU046,19,F,20,30,13,76,Yes,No,Fail
STU047,20,F,8,91,10,90,Yes,No,Pass
STU048,22,F,24,87,11,76,Yes,No,Pass
STU049,19,M,20,90,7,70,Yes,Yes,Pass
STU050,22,F,20,98,12,55,Yes,No,Pass
STU051,24,F,25,88,30,58,Yes,No,Good
STU052,20,M,21,80,7,79,Yes,No,Pass
STU053,20,F,23,93,4,85,No,No,Pass
STU054,19,M,10,86,5,90,Yes,No,Pass
STU055,20,M,16,92,7,64,Yes,No,Pass
STU056,23,M,30,93,12,70,Yes,No,Pass
STU057,20,M,22,79,14,76,Yes,Yes,Pass
STU058,22,M,12,96,8,95,Yes,No,Pass
STU059,22,F,16,92,8,74,Yes,No,Pass
STU060,22,M,16,82,10,90,Yes,Yes,Pass
STU061,40,M,23,88,9,75,Yes,No,Pass
STU062,23,F,19,88,12,86,Yes,No,Pass
STU063,21,M,18,86,7,84,No,No,Pass
STU064,24,F,22,92,12,75,Yes,No,Pass
STU065,19,F,25,96,8,62,No,Yes,Pass
STU066,22,F,20,86,12,70,Yes,Yes,Pass
STU067,20,M,19,95,8,89,Yes,Yes,Pass
STU068,22,M,19,93,7,83,No,No,Pass
STU069,20,M,24,88,15,68,Yes,Yes,Pass
STU070,24,F,22,87,12,69,Yes,Yes,Pass
STU071,24,M,27,78,4,54,Yes,Yes,Fail
STU072,24,M,15,75,8,89,Yes,No,Pass
STU073,20,M,17,87,13,83,Yes,No,Pass
STU074,22,F,27,80,5,71,Yes,Yes,Pass
STU075,24,F,17,86,11,75,Yes,Yes,Pass
STU076,23,M,100,82,11,49,Yes,No,Excellent
STU077,20,M,30,73,7,68,Yes,No,Pass
STU078,20,M,30,89,9,88,Yes,Yes,Pass
STU079,22,M,17,83,3,84,Yes,No,Pass
STU080,20,F,22,87,14,77,Yes,Yes,Pass
STU081,20,F,19,80,8,25,Yes,Yes,Fail
STU082,24,F,28,84,11,82,Yes,No,Pass
STU083,22,F,32,97,11,70,No,No,Pass
STU084,24,M,27,87,13,55,Yes,No,Pass
STU085,24,M,22,90,8,73,Yes,Yes,Pass
STU086,22,M,20,35,10,77,Yes,No,Fail
STU087,19,F,26,99,11,85,Yes,No,Good
STU088,24,M,15,99,12,57,Yes,Yes,Pass
STU089,23,F,25,96,12,72,Yes,No,Pass
STU090,23,F,17,92,8,72,Yes,Yes,Pass
STU091,20,M,26,86,35,61,Yes,No,Good
STU092,23,M,21,89,13,78,Yes,Yes,Pass
STU093,20,M,20,93,3,81,No,No,Pass
STU094,19,F,17,82,14,70,Yes,Yes,Pass
STU095,22,M,20,83,8,95,Yes,No,Pass
STU096,22,F,25,74,9,69,No,No,Pass
STU097,22,M,28,81,7,68,Yes,No,Pass
STU098,23,F,25,98,9,68,Yes,Yes,Pass
STU099,19,F,30,84,13,64,No,No,Pass
STU100,23,M,37,84,11,67,Yes,Yes,Pass
