Hours_Studied,Attendance,Assignments_Completed,Previous_Score,Performance
2,65,5,48,Fail
3,70,6,52,Fail
4,72,7,55,Pass
5,78,8,61,Pass
6,82,9,68,Pass
7,85,10,72,Good
8,88,10,78,Good
9,92,11,84,Excellent
10,95,12,91,Excellent
3,68,5,45,Fail
4,75,7,59,Pass
5,80,8,65,Pass
6,84,9,70,Good
7,87,10,76,Good
8,90,11,82,Excellent
9,94,12,88,Excellent
2,60,4,40,Fail
4,73,6,57,Pass
6,81,9,69,Good
8,89,11,80,Excellent
3,66,5,50,Fail
5,77,8,63,Pass
7,86,10,74,Good
9,93,12,90,Excellent
4,71,6,53,Fail
6,83,9,67,Good
8,91,11,85,Excellent
10,96,12,94,Excellent
5,79,8,60,Pass
7,84,10,71,Good